id_canonico;existe_en_tabla;n_ensembles_codes;etiqueta_familia;ensembles_codes
INVALID_OR_INSTRUMENTAL;0;129;-;CHILD, UNISON, MIXED, A_CAPP, TR, – 5, – 8, A FOURTH LOWER IN C, A GLÄUBIGE SEELE, A-C, AD LIBITUM, AMORE, AND MINOR DIVISI, AND SOLI, ANGELS, B JESUS, BC, C-A', C-D, C'-C, C2, C3, C4 AND F4. THE RANGES ARE B-E, CANTOR, CANTOR & CONGREGATION, CANTUS, CH UR À 4 ET À 6 VOIX, CHILDREN, CHILDREN S VOICES, CHILDREN'S CHOIR IN 1, CHILDREN'S OR FEMALE VOICES, CHOIRS ANTIPHONALLY, CONGREGATION OR CHORUS UNISONO, D-D', D-G', D'-C, D'-F, DESCANT, DESCANTS, DISCSEPTASEXTTQUINB, DIV, DOUBLE CHORUS AND SEMI-CHORUS, DUET, E-A', E-G', EACH OF S, EQUAL VOICES, F-A, F-B', F-F', F-G, F3, F4, FLEXIBLE, FOLD IN MAGNIFICAT, FOR FEMALE VOICE AND PERCUSSION, FOUR SOLO VOICES, G-A', G-B', G-F', HIGH, HIGH VOICE, HIGH VOICE AND LOW VOICE, I, IN TRANSPOSITION, LEADSHEET, LOW, LOW TRANSPOSITION, LOW VOICE, M, MEDIUM, MEDIUM VOICE, MEN, MONODIC FEMALE OR MALE CHOIR, NARRATOR, NONE, OR MIXED, OR REPLACING THE LOWEST VOICE WITH 2 OTHER LOW PARTS, PARTSONG, PARTSONGS, PILATE/PETRUS/RIPIENO, PLUS 1, PLUS 2, PLUS 4, PLUS OPTIONAL 4 IN ADDITION, RESPECTIVELY, RIPIENI, S M C T BR, SAMEN, SEE EDITION NOTES, SOLI, SOLO, SOLO HIGH, SOLO LOW, SOLO MEDIUM, SOLO OR UNISON, SOLO VOICE, SOLOS, SOLOSVV, T EVANGELISTA, TRCOTB, TREB 1, TREB 2, TREBLE, TREBLE DUET, TREBLE SOLO, TREBLE VOICES OR FEMALE VOICES, TREBLES, TRIPLEXMEDIUSCTTB, TROMBON, TROMBONE 2, TTBARB G-G', TWO EQUAL VOICES, TWO-PART EQUAL OR MIXED CHOIR, UNDEFINED SOLO, UNISON CHOIR, UNISON CHOIR OR SOLO VOICE, UNISON FEMALE VOICES, UNISON MIXED CHORUS, UNISON VOICES AND PIANO, UNISON WITH OPTIONAL DIVISI, UNISONO, V, VARIOUS, VOICE, WITH 11 SOLO ROLES, WITH A FEW OCTAVES, WOMEN, WWMM
SATB;1;48;SATB_MIXED_4V;SATB, SATBAR, SATBARB, SATBRB, × SATB, AND INCIDENTAL SATB SOLOS, AND SATB QUARTET, CANTOR+SATB, CHOIRS × SATBARB, CHORAL SATB SOLI, EQUAL SA OR TB, MIXED SATB, MSATB, MSATBARB, OR SATB, OR ST+AB, SA.TB, SAT B OPTIONAL, SATB + SOLI, SATB + SOLO, SATB + SOLOIST, SATB AND SOME SPLITTING, SATB CHOIR, SATB DIV, SATB DIV + RECIT, SATB DIVISI, SATB DIVSI, SATB QUARTET OR CHORUS, SATB SOLO QUARTET, SATB UNLESS OTHERWISE INDICATED, SATB WITH DIV, SATB WITH DIVISI, SATB WITH DIVISIONS, SATB WITH MINOR DIVISI, SATB WITH QUARTET, SATB WITH SOLOIST, SATB WITH SOME DIVISI, SATB+CHILDREN'S CHORUS, SATBAR SOLI AND ORGAN, SMATB, SMATBARB, SMMATB, SOLO SATB, ST.AB, TREBLE AND SATB, WITH SATB CHORUS, WITH SATB SOLI, XS.SATB
SSATB;1;33;SSATB_MIXED_5V;SSATB, SSATBAR, SSATBARB, S SOLO & SATB, S SOLO AND SATB CHOIR, S SOLO AND SATB CHORUS, S.SATB, SATB + S SOLO, SATB + SOLO S, SATB + SOLO SOPRANO, SATB + SOP SOLO, SATB + SOPRANO, SATB + SOPRANO SOLO, SATB + SOPRANO SOLOIST, SATB AND SOLO SOPRANO, SATB AND SOPRANO SOLO, SATB WITH S DESCANT, SATB WITH S DIV, SATB WITH S SOLO, SATB.S, SMSATB, SMSATBARB, SOLO SOPRANO + SATB, SOLO SOPRANO AND SATB, SOLO SSATB, SOPRANO SOLO + SATB, SSA.TB DIVISI, SSATB + DIV, SSATB + SOLO, SSATB + SOLOIST, SSATB + SOLOISTS, SSATB CHOIR AND SOLOISTS, SSATB CREDO & 2ND AGNUS
B;1;25;B_MALE_1V;BAR, BRASS, AND B DIVISI, B, B SOLI, B SOLO, B SOLOISTS, BAR SOLI, BARITONE, BARITONE SOLO, BASS, BASS DUET, BASS SOLO, CHORAL BARITONE SOLO, CHORAL BASS SOLO, CHRISTUS/BASS, FAMA BASS, PHOEBUS BASS, PLUS VERY SLIGHT B DIVISI, SOLI B JESUS, SOLO BARB, SOLO BARITONE, SOLO BASS, WITH B SOLO, WITH BASS SOLO
SSAATTBB;1;25;SSAATTBB_MIXED_8V;SSAATTBARBB, SSAATTBB, ATB.SSATB, CHOIRS × SATB.SATB, CHORAL SATB.SATB SOLI, SAAB.STTB, SAT.SATBB, SATB + SATB SOLI, SATB AND SATB SEMI-CHORUS, SATB CHOIR AND SATB SOLOS, SATB CHORUS AND SATB SEMI-CHORUS, SATB CHORUS T AND S AND A AND B SOLOS, SATB SOLOS/SATB CHOIR, SATB.SATB, SATB.SATB AND SMALLER DIVISIONS, SATB.SATBAR, SATBAR.SATB, SMSABAR.ATTB, SOLO SATB + SATB, SSAA.TTBB, SSAB.ATTB, SSAT.ATBARBB, SSAT.ATBB, SSATB.ATB, SSTB.AATB
SAATB;1;21;SAATB_MIXED_5V;SAATB, SAATBARB, SAATBRB, SATAB, FINAL VERSE SAATB, MSAATB, MSAATBARB, MZ OR S SOLO + ATB, SA A TBAR, SAATB FINAL VERSE, SAATB FULL, SAATB IN DONA NOBIS, SATB + A SOLO, SATB + ALTO SOLO, SATB + SOLO MEZZO, SATB PLUS ORFEO ALTO CASTRATO, SMEZATB, SMZATB, SMZATB + SOLO, SMZATB + SOLOIST, SMZATBARB
S;1;19;S_FEMALE_1V;AND SOPRANO SOLO, CHORAL SOPRANO SOLO, DOUBLE CHORUS WITH SOPRANO IN RIPIENO, MOMUS SOPRANO, S, S AND UNISON VOICES, S DESCANT, S SOLO, SOLO SOPRANO, SOPRANO, SOPRANO DUET, SOPRANO DUETS, SOPRANO SOLO, SOPRANO SOLOS, SOPRANOS ONLY FOR LAST CHORD, UNISON SOPRANOS, VOICES WITH S DESCANT, WITH S, WITH S SOLO
SSATTB;1;16;SSATTB_MIXED_6V;SSATTB, SSATTBARB, FINAL VERSE SSATTB, MATB.SSMT, SAT.STB, SATB + SOLO SOPRANO AND SOLO TENOR, SATB + SOLO ST, SATB AND SOLO SOP/TENOR, SATB WITH S AND T SOLI, SATB WITH SOLO S T, SMSATTB, SSATTB SOLI, SST.ATB, ST.SATB, T SSATB, WHETHER STSTAB IS ACTUALLY INTENDED
T;1;15;T_TENOR_1V;CHORAL TENOR SOLO, IRENE TENOR, MIDAS TENOR, SOLO TENOR, T, T SOLO, TENOR, TENOR DUET, TENOR SOLO, TENOR SOLO IN 5, TENOR SOLOS, TENOR/RIPIENO, TENORS, TMOLUS TENOR, WITH TENOR SOLO
A;1;14;A_INNER_1V;A, A SOLO, ALTO, ALTO GIMEL, ALTO SOLO, ALTO VERSE, CHORAL ALTO SOLO, CHORAL MEZZO-SOPRANO SOLO, MERCURIUS ALTO, MEZZO SOPRANO, MEZZO-SOPRANOS, PALLAS ALTO, SOLO ALTO, SOLO MEZZO SOPRANO
SATTB;1;14;SATTB_MIXED_5V;SATTB, SATTBARB, AGNUS DEI II SATTB, MSATTB, S M ATTB, SATB + T SOLO, SATB + TENOR SOLO, SATB AND T SOLO, SATB WITH T SOLO, SATTBARB WITH DIVISIONS, SMZTTB, SOLO SATTB, SOLO TENOR + SATB, TENOR SOLO + SATB
SSAATTB;1;14;SSAATTB_MIXED_7V;SSAATTB, SSAATTBARB, AATB AND SST VERSES, ATB AND SSAT VERSES, ATB.SSAT, SAT.SATB, SATB CHORUS S AND A AND T SOLOS, SATB.SAT, SATTB.SA, SSA.ATTB, SSAT AND ATB VERSES, SSAT.ATB, SSAT.ATBARB, SST AND AATB VERSES
ATB;1;13;ATB_ALT_MALE_3V;ATB, ATBAR, ATBARB, ATBRB, AS WRITTEN IN F ATB, ATB SOLI, ATB VERSE, B AND T AND A SOLOS, CAQATB, CHORAL ATB SOLI, DDATB, MZTB, SOLO ATB
TB;1;13;TB_MALE_2V;TB, TBARB, TBRB, TRB, CHOIR CHILDRENS CHOIR T AND B AND CHILD SOLOS, MTBARB, SOLO TB, T & B SOLI, T AND B, TENOR AND BARITONE, TENOR AND BASS, TENOR OR BARITONE SOLO, TENORS AND BASS
SATBB;1;12;SATBB_MIXED_5V;SATBARBB, SATBB, B+SATB, SATB + B SOLO, SATB + BAR IN 3D AGNUS, SATB + BAR SOLO, SATB + BARITONE SOLO, SATB + SOLO B, SATB + SOLO BASS, SATB AND SOLO BARITONE, SOLO B + SATB, TB.SAB
SSAATB;1;11;SSAATB_MIXED_6V;SSAATB, SSAATBARB, SA.SATB, SAT.SAB, SMSAATB, SMSAATBARB, SSAATB + SOLISTA SILBIDO, SSATB + MEZZO SOLOIST, SSATB + MZ SOLO, SST.AAB, WITH SSA AND ATB VERSES
SSAATTTBB;1;11;SSAATTTBB_MIXED_9V;SSAATTTBB, ATB.SSATTB, SATB.SATB + SOLO TENOR, SATB.SATB WITH TENOR SOLO, SATB.SATTB, SATTB.SATB, SSA.ATB.TTB, SSAATTBB + TENOR SOLO, SSAT.ATTBB, SSATB.ATTB, STTBARB SAATB
SSAATBB;1;10;SSAATBB_MIXED_7V;SSAATBARBB, SSAATBB, AB SOLI AND SSATB CHOIR, OR SSAATBB, SAB.SATB, SSABAR.ATBARB, SSAT.ABB, SSATB + SOLO A OR BAR, SSATBB + MEZZO SOLO, WITH ATB & SSAB VERSE SECTIONS
SSSAATTTBB;1;10;SSSAATTTBB_MIXED_10V;SSSAATTTBB, AT.SSTB.SATB, SATB.SSATTB, SATTB OR S-SATB, SATTB.SSATB, SSATB.SATTB, SSATTB.SATB, SSSAT.ATTBB, ST.SATB.SATB, T.S.SATB.SATB
SA;1;9;SA_FEMALE_2V;SA, CHORAL SA SOLI, S OR MEZZOSOPRANO, SA DIVISI, SA SOLOS, SMA, SOLO S OR A, SOLO SA, SOLO SOPRANO AND MEZZO-SOPRANO
SAATTBB;1;9;SAATTBB_MIXED_7V;SAATTBB, AAB.STTB, AATTBB AND S, ATB AND SATB, ATB.SATB, ATBARB OR SATB, SAA.TTBB, SAB.ATTB, SATBAR.ATBARB
SSSAAATTTBBB;1;9;SSSAAATTTBBB_MIXED_12V;SSSAAATTTBBB, SATB.SATB + SOLO SATB, SATB.SATB.SATB, SATBB.SSAATTB, SSAA.SATB.TTBB, SSAATB.SATTBB, SSAATTB.SATBB, SSAB.SATB.ATTB, SSAT.SATB.ATBB
BB;1;8;BB_MALE_2V;BB, BARITONE AND BASS, BASS AND BARITONE, BB VERSE, SOLO BARITONE AND SOLO BASS, SOLO BARITONE OR BASS, SOLO BARITONE/BASS, SOLO BB
SAATTB;1;8;SAATTB_MIXED_6V;SAATTB, SAATTBARB, AT.SATB, FINAL VERSE SAATTB, MSAATTB, SAT.ATB, SICUT ERAT IN PRINCIPIO SAATTB, SMAATTBARB
SSATBB;1;8;SSATBB_MIXED_6V;SSATBB, CHORAL SSATBB SOLI, SATB CHOIR AND SOPRANO & BARITONE SOLOS, SB.SATB, SSATB + BASS SOLOIST, SSATB + SOLO B, SSATB + SOLO BARITONE, SSB AND ATB VERSES
SSATTBB;1;8;SSATTBB_MIXED_7V;SSATTBB, SAB.STTB, SB.SATTB, SMTB SOLOS + SATB, SSATB.TB, SSB.ATTB, SSTBARB.ATBARB, STB.SATB
ST;1;8;ST_FEMALE_2V;ST, STR, S & T HAVE THE MOST PROMINENT SOLOS, SOLO ST, SOPRANO AND TENOR DUET, ST IN DUET, ST SOLO, WITH S OR T SOLO
ATBB;1;7;ATBB_ALT_MALE_4V;ATBARBB, ATBB, ATBRBRB, ATB AND SOLO B, ATBB 'SI DESCENDERO ', SICUT LOCUTUS EST ATBB, WITH ATBB VERSE
SAATTTBB;1;7;SAATTTBB_MIXED_8V;SAATTTBB, ATTB.SATB, SAAT.TTBB, SAATTBB + TENOR SOLO, SATB.ATTB, SATBAR.ATTB, SATT.ATBB
SATTBB;1;7;SATTBB_MIXED_6V;SATBTB, SATTBARBB, SATTBB, SATB CHORUS T AND B SOLOS, SATB WITH TB DIVISI LAST 4 MEASURES, STBARB /ATBARB, TB SATB
SSAATTTBBB;1;7;SSAATTTBBB_MIXED_10V;SSAATTTBBB, 1 STBARB/ATBARB 2 SATB, SATB.SATTBB, SATBB.SATTB, SATTB.SATBB, SSATB.ATTBB, SSTBAR.ATBARB.ATBARB
SSSAATTBB;1;7;SSSAATTBB_MIXED_9V;SSSAATTBB, S.SATB.SATB, SAT.SSATBB, SATB.SSATB, SATTB.SSAB, SSAB.SATTB, SSATB.SATB
SSSATB;1;7;SSSATB_MIXED_6V;SSSATB, SS.SATB, SSATB + SOPRANO, SSATB + SOPRANO SOLO, SSB.SAT, SSMSATBARB, SSSATB SOLI
SSSATTBB;1;7;SSSATTBB_MIXED_8V;SSSATTBB, SSAB.STTB, SSATB + STB SOLOISTS, SSB.SATTB, SSSA.TTBB, SSST.ATBB, SSTB.SATB
TTB;1;7;TTB_MALE_3V;TRTB, TRTRB, TTB, TTBARB, MTTB, SOLO TTB, TRTRB TRIOS
TTBB;1;7;TTBB_MALE_4V;TTBB, BARTTB, BTTB, TTBARBB, TTBBAR, TB.TB, TBB WITH SOLO T
AATTBBB;1;6;AATTBBB_ALT_MALE_7V;AATTBARBARB, AATTBBB, AAT.TBARBARB, AAT.TBBB, AATBAR.TBARBB, MATB / MMATBB
AATTBBBB;1;6;AATTBBBB_ALT_MALE_8V;AATTBARBARBB, AATTBBBB, AATB.TBARBARB, AATB.TBBB, AATBAR.TBARBARB, ATBB.ATBB
AB;1;6;AB_ALT_MALE_2V;AB, A AND BARITONE, MEDIUS AND BASS, MEZZO SOPRANO OR BARITONE, MZBAR, SOLO BARITONE OR SOLO MEZZOSOPRANO
SAB;1;6;SAB_MIXED_3V;SAB, SABAR, SABARB, CHORAL SAB SOLI, SABAR SOLI, SMAB
SB;1;6;SB_MIXED_2V;SB, SBAR, BS, SB IN DUET, SOLO SB, WITH S & B SOLOS
SSAAATTTBB;1;6;SSAAATTTBB_MIXED_10V;SSAAATTTBB, AT.SATB.SATB, SAATB OR SATTB, SAATB.SATTB, SATTB.SAATB, SSAAT.ATTBB
SSAATTBBB;1;6;SSAATTBBB_MIXED_9V;SSAATTBBB, SATB SATBB FOR DONA NOBIS, SATB.SATB.B, SATB.SATBB, SATBB.SATB, SSAT.ATBBB
SSAATTTB;1;6;SSAATTTB_MIXED_8V;SSAATTTB, SATB.SATT, SATT.SATB, SMSAT.ATTB, SSAT.ATTB, SSAT.ATTBARB
SSAATTTTBB;1;6;SSAATTTTBB_MIXED_10V;SSAATTTTBB, SATB.SATB.T.T, SATB.SATTTB, SATTB.SATTB, SATTBARB.SATTBARB, SSATB.ATTTB
SSATTTBB;1;6;SSATTTBB_MIXED_8V;SSATTTBB, SATB.STTB, SSAT.TTBB, SSTB.ATTB, STTB.SATB, TTB.SSATB
SSSAATTBBB;1;6;SSSAATTBBB_MIXED_10V;SSSAATTBBB, SATB/SSATBB, SATBB.SSATB, SSAT.SATBBB, SSATB.SATBB, SSSAT.ATBBB
SSSAATTTB;1;6;SSSAATTTB_MIXED_9V;SSSAATTTB, SAT PART 3 SSATTB PART 4, SATB.SSATT, SATT.SSATB, SSAT.SATTB, SSST.AATTB
SSSSATB;1;6;SSSSATB_MIXED_7V;SSSSATB, ATB.SSSS, SMST.SMSAB, SSA.SSTB, SSATB + OPTIONAL SS SOLOS, SSS.SATB
TC;0;6;TC_COUNTERTENOR_2V;CHORAL COUNTERTENOR SOLO, CONTRA TENOR, COUNTERTENOR, COUNTERTENOR SOLO, COUNTERTENOR SOLOS, SOLO COUNTERTENOR
TTBBB;1;6;TTBBB_MALE_5V;TTBARBARB, TTBARBBB, TTBBB, BAR TTBB, MTTBARBARB, SOLO BARYTON + TTBB
AATTB;1;5;AATTB_ALT_MALE_5V;AATTB, AATTBARB, AATTBRB, AATTBRB MALE VOICES, TRMAATB
SAATBB;1;5;SAATBB_MIXED_6V;SAATBB, AB SATB, SMZA OR TBB, SMZATB + BARITONE SOLO, SMZATBB
SAATTTB;1;5;SAATTTB_MIXED_7V;SAATTTB, SATTATB, AT.SATTB, ATT.SATB, SAT.ATTB
SATTTBB;1;5;SATTTBB_MIXED_7V;SATTTBB, SATBAR.TTBARB, SATBARB OR TTBARB, SATT.TBB, SATTBB & T SOLO
SS;1;5;SS_FEMALE_2V;SS, SOLO SS, SOPRANO EURIDICE SOPRANO, SS DUO, TWO SOLO SOPRANOS
SSAAATTTBBB;1;5;SSAAATTTBBB_MIXED_11V;SSAAATTTBBB, ATB.ATB.SSATB, ATB.SATB.SATB, SATB.SATB.ATB, SSATB.ATB.ATB
SSATTTB;1;5;SSATTTB_MIXED_7V;SSATTTB, SSATTTBARB, SOLO T + SSATTB, SST.ATTB, ST.SATTB
SSB;1;5;SSB_MIXED_3V;SSB, SSBAR, SSBARB, SOLO SSB, SSB TRIO
SSSAAATTBB;0;5;SSSAAATTBB_MIXED_10V;SATB.SSAATB, SSAAT.SATBB, SSAATB.SATB, SSATB OR SMZATB, SSATB.SATB.A
SSSAAATTTTBBB;1;5;SSSAAATTTTBBB_MIXED_13V;SSSAAATTTTBBB, SATTBARB.SATB.SATB, SSAATTBB SOLOIST AND SATTB CHOIR, SSAT.ATBB.SATTB, SSTT.SATB.AATBB
SSSAATBB;1;5;SSSAATBB_MIXED_8V;SSSAATBB, SOLO SSAB + SATB, SSAB.SATB, SSABAR.SATB, SSSA.ATBB
SSSAATTB;1;5;SSSAATTB_MIXED_8V;SSSAATTB, A.SST.SATB, SAT.SSATB, SATB/SSAT, SSAT.SATB
SSSSAAAATTTTBBBB;1;5;SSSSAAAATTTTBBBB_MIXED_16V;SSAATTBBSSAATTBB, SSSSAAAATTTTBBBB, SATB.SATB.SATB.SATB, SSAATTBB.SSAATTBB, SSSS.AAAA.TTTT.BBBB
SSTTTTBB;1;5;SSTTTTBB_MIXED_8V;SSTTTTBB, SSTB.TTTB, SSTBAR.TTTB, STTB.STTB, STTBARB.STTBARB
STB;1;5;STB_MIXED_3V;STB, STBARB, AND STB SOLOS, SOLO STB, SOPRANO SOLOS AND MENS CHORUS TB
STTB;1;5;STTB_MIXED_4V;STTB, STTBARB, SOLO STTB, STTB × 4 CHOIRS, T AND STB
AA;1;4;AA_INNER_2V;AA, MEZZO-SOPRANO AND ALTO, MZMZ, SOLO AA
AAATTBB;1;4;AAATTBB_ALT_MALE_7V;AAATTBB, AATBAR.ATBARB, ATB & AATB VERSES, ATB AND AATB VERSES
AAATTTBB;1;4;AAATTTBB_ALT_MALE_8V;AAATTTBARBB, AAATTTBB, AATB.ATTB, AATT.ATBB
AATB;1;4;AATB_ALT_MALE_4V;AATB, AATBARB, MZATB, OR AATB
AATBBBB;1;4;AATBBBB_ALT_MALE_7V;AATBARBARBB, AATBBBB, AAB.TBBB, AABAR.TBARBARB
AATTBB;1;4;AATTBB_ALT_MALE_6V;AATTBARBB, AATTBB, ATB.ATB, ATBARB.ATBARB
ATTB;1;4;ATTB_ALT_MALE_4V;ATTB, ATTBARB, TRATB, MEZTTB
ATTBBBB;1;4;ATTBBBB_ALT_MALE_7V;ATTBARBARBB, ATTBBBB, ATB.TBBB, ATBARB.TBARBARB
SAAATB;1;4;SAAATB_MIXED_6V;SAAATB, SAAATBARB, SATB AND AA SOLI, SMZATB + MEZZO SOLOIST
SAATTTTBB;1;4;SAATTTTBB_MIXED_9V;SAATTTTBB, ATTB.SATTB, SAT.ATB.TTB, SATTB.ATTB
SATTBBB;1;4;SATTBBB_MIXED_7V;SATTBARBARB, SATTBBB, PAN BASS AND SATTBB CHORUS, SATTBB WITH BARITONE SOLO
SATTTTBB;1;4;SATTTTBB_MIXED_8V;SATTTTBB, SATB.TTTB, SATT.TTBB, STTB.ATTB
SSA;1;4;SSA_FEMALE_3V;SSA, SMSA, SOLO SSA, WITH SSA
SSAA;1;4;SSAA_FEMALE_4V;SSAA, SA.SA, SOLO SOPRANO + SAA, SSMZA
SSAAATTTTBBB;1;4;SSAAATTTTBBB_MIXED_12V;SSAAATTTTBBB, SATB.ATTB.SATB, SATB.SATB.ATTB, SSAT.ATTB.ATBB
SSAATTBBBB;1;4;SSAATTBBBB_MIXED_10V;SSAATTBBBB, SATBB.SATBB, SSAAT.TBBBB, SSATB.ATBBB
SSATTBBB;1;4;SSATTBBB_MIXED_8V;SSATTBBB, SATB + SOLO STBB, SSA.TTBBB, SSAB.TTBB
SSATTTTBBB;1;4;SSATTTTBBB_MIXED_10V;SSATTTTBBB, SATTB.STTBB, SSATT.TTBBB, SSTTB.ATTBB
SSSAA;1;4;SSSAA_FEMALE_5V;SSSAA, SMSMSAA, SS.SAA, SSA WITH SA SOLI
SSSAAATTTTBB;1;4;SSSAAATTTTBB_MIXED_12V;SSSAAATTTTBB, SATT.SATB.SATB, SSAT.ATTB.SATB, SSAT.SATB.ATTB
SSSATTB;1;4;SSSATTB_MIXED_7V;SSSATTB, SSMSATTB, SSS.ATTB, SST.SATB
SSSATTTB;1;4;SSSATTTB_MIXED_8V;SSSATTTB, SATB.TTSS, SSSA.TTTB, SSST.ATTB
SSSSAATTBB;1;4;SSSSAATTBB_MIXED_10V;SSSSAATTBB, SS.SATB.SATB, SSATB SOLI + SSATB RIPIENI, SSATB.SSATB
SSSSSSAAAAAATTTTTTBBBBBB;1;4;SSSSSSAAAAAATTTTTTBBBBBB_MIXED_24V;SSSSSSAAAAAATTTTTTBBBBBB, SATB.SATB.SATB.SATB.SATB.SATB, SSAATTBB.SSAATTBB.SSAATTBB, SSAB.SATB.ATTB OR SSAT.SATB.ATBB
TTTBB;1;4;TTTBB_MALE_5V;TTTBB, SOLO TÉNOR + TTBB, TENOR SOLO + TTBB, TTBB + TENOR SOLO
TTTTBBBB;1;4;TTTTBBBB_MALE_8V;TTTTBBBB, TTBB SOLI & TTBB CHOIR, TTBB.TTBB, TTTT OR BBBB
AAATTTBBBBBB;1;3;AAATTTBBBBBB_ALT_MALE_12V;AAATTTBBBBBB, AATB.ATBB.TBBB, ATBB.ATBB.ATBB
AATTBBBBBB;0;3;AATTBBBBBB_ALT_MALE_10V;ATBARBARB.ATBARBARB, ATBARBARBARB.ATBARBARBARB, ATBBB.ATBBB
AATTTBB;1;3;AATTTBB_ALT_MALE_7V;AATTTBB, ATB.ATTB, ATTB.ATBARB
AATTTTBB;1;3;AATTTTBB_ALT_MALE_8V;AATTTTBB, ATTB.ATTB, ATTBARB.ATTBARB
AT;1;3;AT_INNER_2V;AT, ALTO OR TENOR SOLO, SOLO AT
ATBBB;1;3;ATBBB_ALT_MALE_5V;ATBARBARB, ATBARBARBARB, ATBBB
ATBBBB;1;3;ATBBBB_ALT_MALE_6V;ATBARBARBARBB, ATBARBARBB, ATBBBB
ATTBB;1;3;ATTBB_ALT_MALE_5V;ATTBARBB, ATTBB, TBARB OR ATB
SAA;1;3;SAA_FEMALE_3V;SAA, SMEZA, SMZA
SAAATTBB;1;3;SAAATTBB_MIXED_8V;SAAATTBB, AATB.SATB, SATB.AATB
SAATTBBB;0;3;SAATTBBB_MIXED_8V;ATBB SATB, SAAT.TBBB, SATB.ATBB
SAATTTBBBB;0;3;SAATTTBBBB_MIXED_10V;ATT B B OR SAT B B, SATBAR.ATBARB.TBARBB, SATTB.ATBBB
SAT;1;3;SAT_FEMALE_3V;SAT, STA, CHORAL SAT SOLI
SATTBBBB;0;3;SATTBBBB_MIXED_8V;SATB.TBARBARB, SATB.TBBB, SATBAR.TBARBARB
SSAAAATTBB;1;3;SSAAAATTBB_MIXED_10V;SSAAAATTBB, SAATB.SAATB, SSAAT.AATBB
SSAAATTB;1;3;SSAAATTB_MIXED_8V;SSAAATTB, SAAT.SATB, SSAT.AATB
SSAATTTTBBBB;0;3;SSAATTTTBBBB_MIXED_12V;SATB.SATB.TTBB, SATTBB.SATTBB, SSAT.ATTB.TBBB
SSAT;1;3;SSAT_FEMALE_4V;SSAT, AND ONE VERSE FOR SSAT, CHORAL SSAT SOLI
SSATTTTB;0;3;SSATTTTB_MIXED_8V;SATT.STTB, SSAT.TTTB, SSTT.ATTB
SSSAAAATTTBB;1;3;SSSAAAATTTBB_MIXED_12V;SSSAAAATTTBB, SSAT.SAAB.ATTB, SSAT.SATB.AATB
SSSAATB;1;3;SSSAATB_MIXED_7V;SSSAATB, SATB AND SOLO SSA, SSA.SATB
SSSAATTTTB;0;3;SSSAATTTTB_MIXED_10V;A.TT.SST.SATB, SATT.SSATTB, SSAT.SATTTB
SSSSA;1;3;SSSSA_FEMALE_5V;SSSSA, SS.SSA, SSMSMSA
SSSSAAAA;1;3;SSSSAAAA_FEMALE_8V;SSSSAAAA, SSAA OR SSMZA, SSAA.SSAA
SSSSAAATTTBB;0;3;SSSSAAATTTBB_MIXED_12V;AATT.SSSB.SATB, SSAT.SATB.SATB, SSST.SATB.AATB
SSSSAATTTBB;1;3;SSSSAATTTBB_MIXED_11V;SSSSAATTTBB, SSAATB OR SSTTBARB, SSATB.SSATTB
SSSSSSAA;1;3;SSSSSSAA_FEMALE_8V;SSSSSSAA, SSSA.SSSA, SSSMSMSMSAA
SST;1;3;SST_FEMALE_3V;SST, SOLO SST, WITH SST
SSTB;1;3;SSTB_MIXED_4V;SSTB, SSTBARB, SOLO SSTB
SSTTB;1;3;SSTTB_MIXED_5V;SSTTB, SSTTBARB, T.SSTB
SSTTBB;1;3;SSTTBB_MIXED_6V;SSTTBB, STB.STB, STBAR.STB
SSTTTTBBBB;0;3;SSTTTTBBBB_MIXED_10V;SSTTBB AND TTBB SEMI-CHORUS OR SOLOS, STTBB.STTBB, TTBB.SSTTBB
TBBB;1;3;TBBB_MALE_4V;TBARBARB, TBBB, TB WITH BB
TT;1;3;TT_TENOR_2V;TT, AND 2 TENORS, SOLO TT
TTBBBB;1;3;TTBBBB_MALE_6V;TTBARBARBB, TTBBBB, TBB.TBB
TTBC;0;3;TTBC_MALE_CT_4V;CTTBARB, MCTTB, TRCTB
TTTB;1;3;TTTB_MALE_4V;TRTRTB, TTTB, TTTBARB
TTTTTBB;0;3;TTTTTBB_MALE_7V;TTB.TTTB, TTBARB OR TTTB, TTTB.TTB
AAAT;1;2;AAAT_INNER_4V;AAAT, AATA
AAATB;1;2;AAATB_ALT_MALE_5V;AAATB, AAATBARB
AAATTTBBB;1;2;AAATTTBBB_ALT_MALE_9V;AAATTTBBB, ATBARB.ATBARB.ATBARB
AAB;1;2;AAB_ALT_MALE_3V;AAB, AABAR
AATBB;1;2;AATBB_ALT_MALE_5V;AATBARBB, AATBB
AATBBB;1;2;AATBBB_ALT_MALE_6V;AATBARBARB, AATBBB
AATBC;0;2;AATBC_ALT_MALE_5V;CA5A6TB, CAATB
AATTBBBBB;1;2;AATTBBBBB_ALT_MALE_9V;AATTBARBARBBB, AATTBBBBB
AATTTB;1;2;AATTTB_ALT_MALE_6V;AATTTB, AATTTBARB
AATTTBBB;0;2;AATTTBBB_ALT_MALE_8V;AATB.TTBB, ATTB.ATBB
AATTTTB;0;2;AATTTTB_ALT_MALE_7V;AATTTTBARB, AAT.TTTB
AATTTTBBBB;1;2;AATTTTBBBB_ALT_MALE_10V;AATTTTBBBB, ATTBB.ATTBB
ABB;1;2;ABB_ALT_MALE_3V;ABB, ABRBB
ATBC;0;2;ATBC_ALT_MALE_4V;CATB, MEZCTB
ATC;0;2;ATC_INNER_CT_3V;COUNTER-TENOR OR ALTO, SOLO COUNTERTENOR/ALTO
ATTBBB;1;2;ATTBBB_ALT_MALE_6V;ATTBARBARB, ATTBBB
ATTTB;1;2;ATTTB_ALT_MALE_5V;ATTTB, ATTTBARB
ATTTBB;1;2;ATTTBB_ALT_MALE_6V;ATTTBB, SOLOIST + TTB OR ATB
ATTTTBB;1;2;ATTTTBB_ALT_MALE_7V;ATTTTBB, ATTB.TTBARB
ATTTTTBB;1;2;ATTTTTBB_ALT_MALE_8V;ATTTTTBB, ATTB.TTTB
BBB;1;2;BBB_MALE_3V;BBB, SOLO BBB
BBBB;1;2;BBBB_MALE_4V;BBBB, BARITON AND 3 BASSES
C;0;2;C_COUNTERTENOR_1V;CONTRA, CONTRALTO
SAAAB;1;2;SAAAB_MIXED_5V;SAAAB, SMZAAB
SAAATTB;1;2;SAAATTB_MIXED_7V;SAAATTB, SMZAATTB
SAAATTTB;0;2;SAAATTTB_MIXED_8V;SAAT.ATTB, SATB.AATT
SAAB;1;2;SAAB_MIXED_4V;SAAB, SAABAR
SAATBBB;0;2;SAATBBB_MIXED_7V;SAAT.BARBBB, SATBB + SOLO BARITONO/ALTO
SAATTTTB;0;2;SAATTTTB_MIXED_8V;SAAT.TTTB, SATT.ATTB
SATBBB;1;2;SATBBB_MIXED_6V;SATBARBARB, SATBBB
SATT;1;2;SATT_FEMALE_4V;SATT, THIS MOVEMENT IS FOR SATT
SATTTB;1;2;SATTTB_MIXED_6V;SATTTB, SATTTBARB
SATTTBBB;1;2;SATTTBBB_MIXED_8V;SATTTBBB, SATB.TTBB
SSAAATBB;1;2;SSAAATBB_MIXED_8V;SSAAATBB, SAAB.SATB
SSAAATTBB;1;2;SSAAATTBB_MIXED_9V;SSAAATTBB, SAATB OR SATBARB
SSAAATTBBB;1;2;SSAAATTBBB_MIXED_10V;SSAAATTBBB, SSAAB.ATTBB
SSAAATTBBBBB;0;2;SSAAATTBBBBB_MIXED_12V;SSAABAR.ATBARB.TBARBARBARB, SSAATB.ATBBBB
SSAAATTTB;1;2;SSAAATTTB_MIXED_9V;SSAAATTTB, SAAT.SATTB
SSAAATTTBBBB;1;2;SSAAATTTBBBB_MIXED_12V;SSAAATTTBBBB, SATB.SATB.ATBB
SSAATBBB;1;2;SSAATBBB_MIXED_8V;SSAATBBB, SSAB.ATBB
SSAATT;1;2;SSAATT_FEMALE_6V;SSAATT, SAT.SAT
SSAATTTBBBB;1;2;SSAATTTBBBB_MIXED_11V;SSAATTTBARBARBB, SSAATTTBBBB
SSAATTTT;1;2;SSAATTTT_FEMALE_8V;SSAATTTT, SATT.SATT
SSAB;1;2;SSAB_MIXED_4V;SSAB, SSABAR
SSATBBB;1;2;SSATBBB_MIXED_7V;SSATBARBARB, SSATBBB
SSATT;1;2;SSATT_FEMALE_5V;SSATT, SST & AT VERSES
SSBB;1;2;SSBB_MIXED_4V;SSBB, SOLO SSBB
SSSA;1;2;SSSA_FEMALE_4V;SSSA, SMSMSA
SSSAAAAATTBB;0;2;SSSAAAAATTBB_MIXED_12V;SAAATB.SSAATB, SAATB SATB AND SAA SECTIONS
SSSAAAATTTTBBB;0;2;SSSAAAATTTTBBB_MIXED_14V;SATB.SSAAT.ATTBB, SSAAT.SATB.ATTBB
SSSAAATTBBB;0;2;SSSAAATTBBB_MIXED_11V;SSA.SATB.ATBB, SSAA.SATTBBB
SSSAAATTTBB;0;2;SSSAAATTTBB_MIXED_11V;SAATB.SSATTB, SAT.SATB.SATB
SSSAAATTTTTBB;1;2;SSSAAATTTTTBB_MIXED_13V;SSSAAATTTTTBB, SATB.SATTB.SATT
SSSAATT;1;2;SSSAATT_FEMALE_7V;SSSAATT, S.SAT.SAT
SSSAATTT;0;2;SSSAATTT_FEMALE_8V;SATT.SSAT, SSAT.SATT
SSSAATTTBBB;0;2;SSSAATTTBBB_MIXED_11V;SATB.SSATTBB, SSATTBB.SATB
SSSATBB;1;2;SSSATBB_MIXED_7V;SSSATBB, SSB.SATB
SSSATBBBBB;0;2;SSSATBBBBB_MIXED_10V;SSSAB.TBBBB, SSSABAR.TBARBARBB
SSSATTBBBB;0;2;SSSATTBBBB_MIXED_10V;SSATB.STBBB, SSATBAR.STBARBARB
SSSATTTBB;0;2;SSSATTTBB_MIXED_9V;SATB.SSTTB, STTB.SSATB
SSSATTTTBB;1;2;SSSATTTTBB_MIXED_10V;SSSATTTTBB, SSTTBARB.SATTBARB
SSSB;1;2;SSSB_MIXED_4V;SSSB, SOLO SSSB
SSSSAA;1;2;SSSSAA_FEMALE_6V;SSSSAA, SSA.SSA
SSSSAAAAATBB;1;2;SSSSAAAAATBB_MIXED_12V;SSSSAAAAATBB, SSMSA.MSAABAR.AATB
SSSSAAAAATTTTTBBBB;0;2;SSSSAAAAATTTTTBBBB_MIXED_18V;SSAA.SATB.SATTB.ATTBB, SSAA.SATTB.SATB.ATTBB
SSSSAAATTBBB;0;2;SSSSAAATTBBB_MIXED_12V;SSAB.SATB.SATB, SSSA.SATB.ATBB
SSSSAAATTTBBBB;0;2;SSSSAAATTTBBBB_MIXED_14V;SATB.SATB.SSATBB, SATB/SSATBB/SATB
SSSSAATBB;1;2;SSSSAATBB_MIXED_9V;SSSSAATBB, SSSS.AATBB
SSSSAATBBB;0;2;SSSSAATBBB_MIXED_10V;SSS.SAB.ATBB, SSSA.SATBBB
SSSSAATT;0;2;SSSSAATT_FEMALE_8V;SSAT.SSAT, SSST.SAAT
SSSSAATTTB;1;2;SSSSAATTTB_MIXED_10V;SSSSAATTTB, ST.SSAT.SATB
SSSSAATTTTTBBBB;0;2;SSSSAATTTTTBBBB_MIXED_15V;SSATB.SSATB.TTTBB, SSATBAR.SSATBAR.TTTBB
SSSSATTB;0;2;SSSSATTB_MIXED_8V;SATB.SSST, SSST.SATB
SSSSSAAAATTTTBBBB;0;2;SSSSSAAAATTTTBBBB_MIXED_17V;SSAT.SATB.ATBB.SSATB, SSAT.SATB.SATBB.SATB
SSSSSAAAATTTTTBB;0;2;SSSSSAAAATTTTTBB_MIXED_16V;SSAATT.SATB.SSATTB, SSAT.SATT.SATB.SATB
SSSSSAAATTTTBBBB;0;2;SSSSSAAATTTTBBBB_MIXED_16V;SSST.ATBB.SATB.SATB, SSST.SATB.SATB.ATBB
SSSSSAAATTTTTBB;1;2;SSSSSAAATTTTTBB_MIXED_15V;SSSSSAAATTTTTBB, SSAT.SATTB.SSATTB
SSSSSATB;0;2;SSSSSATB_MIXED_8V;SATB CHOIR PLUS 9 SOLOISTS 4 SOPRANOS, SSSS.SATB
SSSSSSAAAAATTTTBBBBB;0;2;SSSSSSAAAAATTTTBBBBB_MIXED_20V;SAB.SATB.SATB.SATB.SSATB, SATB.SATB.SAB.SSATB.SATB
SSSSSSSAAATTTTBBB;0;2;SSSSSSSAAATTTTBBB_MIXED_17V;SSATB.SSATB.ST.SSATB, ST.SSATB.SSATB.SSATB
SSSSSSSSAAAAATTTTTTTTTTTBBBBBB;0;2;SSSSSSSSAAAAATTTTTTTTTTTBBBBBB_MIXED_30V;SAT.TTB.SATB.ATTB.SSSTB.SATTB.SSATTB, SATTB.SSSTB.SAT.TTB.SATB.ATTB.SSATTB
SSSSTTTTBB;1;2;SSSSTTTTBB_MIXED_10V;SSSSTTTTBB, SSTTB.SSTTB
SSSTTTTTTBBB;1;2;SSSTTTTTTBBB_MIXED_12V;SSSTTTTTTBBB, STTB.STTB.STTB
SSTT;1;2;SSTT_FEMALE_4V;SSTT, SOLO SSTT
STTTB;1;2;STTTB_MIXED_5V;STTTB, MSTTTB
TBB;1;2;TBB_MALE_3V;TBARBB, TBB
TTTBC;0;2;TTTBC_MALE_CT_5V;TRCTTB, TRMCTTB
TTTBCC;0;2;TTTBCC_MALE_CT_6V;CTCTTB, MCTCTTB
TTTTBB;1;2;TTTTBB_MALE_6V;TTTTBB, TTB.TTB
TTTTBBCC;0;2;TTTTBBCC_MALE_CT_8V;CTCTTTBB, CTTBARB.CTTBARB
TTTTBC;0;2;TTTTBC_MALE_CT_6V;TRMCTTTB, TRMMTTCTB
AAA;1;1;AAA_INNER_3V;AAA
AAAAAABBB;1;1;AAAAAABBB_ALT_MALE_9V;AAAAAABBB
AAAAAATTTBBBBBBBBB;0;1;AAAAAATTTBBBBBBBBB_ALT_MALE_18V;AATBBB.AATBBB.AATBBB
AAAAB;1;1;AAAAB_ALT_MALE_5V;AAAAB
AAAAT;1;1;AAAAT_INNER_5V;AAAAT
AAAATTBB;1;1;AAAATTBB_ALT_MALE_8V;AAAATTBB
AAAATTTBBBBB;0;1;AAAATTTBBBBB_ALT_MALE_12V;AATB.ATBB.ATBB
AAAATTTTBBBB;0;1;AAAATTTTBBBB_ALT_MALE_12V;AATTBB.AATTBB
AAAB;1;1;AAAB_ALT_MALE_4V;AAAB
AAATBB;1;1;AAATBB_ALT_MALE_6V;AAATBB
AAATBBB;1;1;AAATBBB_ALT_MALE_7V;AAATBBB
AAATTB;1;1;AAATTB_ALT_MALE_6V;AAATTB
AAATTBBB;0;1;AAATTBBB_ALT_MALE_8V;AATB.ATBB
AAATTBBBBBB;0;1;AAATTBBBBBB_ALT_MALE_11V;AATBARBARB.ATBARBBB
AAATTBBBBBBB;0;1;AAATTBBBBBBB_ALT_MALE_12V;AATBBB.ATBBBB
AAATTTB;1;1;AAATTTB_ALT_MALE_7V;AAATTTB
AAATTTBBBBB;0;1;AAATTTBBBBB_ALT_MALE_11V;AAATTTBARBARBARBBB
AAATTTTTTBBB;1;1;AAATTTTTTBBB_ALT_MALE_12V;AAATTTTTTBBB
AABB;1;1;AABB_ALT_MALE_4V;AABB
AAT;1;1;AAT_INNER_3V;AAT
AATT;1;1;AATT_INNER_4V;AATT
AATTBBBBBBBB;0;1;AATTBBBBBBBB_ALT_MALE_12V;ATBBBB.ATBBBB
AATTTTBBBBBB;0;1;AATTTTBBBBBB_ALT_MALE_12V;ATTB.ATBB.TBBB
AATTTTTB;0;1;AATTTTTB_ALT_MALE_8V;AATT.TTTB
ATBBBBB;1;1;ATBBBBB_ALT_MALE_7V;ATBBBBB
ATT;1;1;ATT_INNER_3V;ATT
ATTBBBBB;0;1;ATTBBBBB_ALT_MALE_8V;ATBB.TBBB
ATTT;1;1;ATTT_INNER_4V;ATTT
ATTTTB;1;1;ATTTTB_ALT_MALE_6V;ATTTTB
ATTTTBBB;0;1;ATTTTBBB_ALT_MALE_8V;ATTB.TTBB
ATTTTBBBBB;0;1;ATTTTBBBBB_ALT_MALE_10V;TTBAR B B OR ATT B B
BBBBBB;0;1;BBBBBB_MALE_6V;BARBARBARBBBB
BBBBBBB;1;1;BBBBBBB_MALE_7V;BBBBBBB
SAAAA;1;1;SAAAA_FEMALE_5V;SAAAA
SAAAAB;1;1;SAAAAB_MIXED_6V;SAAAAB
SAAAATTTTB;0;1;SAAAATTTTB_MIXED_10V;SAATB.AATTT
SAAAATTTTTBBB;0;1;SAAAATTTTTBBB_MIXED_13V;ATB.ATTB.SAATTB
SAAAT;1;1;SAAAT_FEMALE_5V;SAAAT
SAAATBB;1;1;SAAATBB_MIXED_7V;SAAATBB
SAAATBBB;0;1;SAAATBBB_MIXED_8V;SAABARB.ATBARBB
SAAATT;1;1;SAAATT_FEMALE_6V;SAAATT
SAAATTTBB;0;1;SAAATTTBB_MIXED_9V;ATTBARB OR SAATB
SAAATTTBBBBB;0;1;SAAATTTBBBBB_MIXED_12V;SATB.ATBB.ATBB
SAAATTTTTBBB;0;1;SAAATTTTTBBB_MIXED_12V;SATB.ATTB.ATTB
SAAATTTTTTBBB;0;1;SAAATTTTTTBBB_MIXED_13V;TTB.ATTB.SAATTB
SAABB;1;1;SAABB_MIXED_5V;SAABB
SAAT;1;1;SAAT_FEMALE_4V;SAAT
SAATBBBB;0;1;SAATBBBB_MIXED_8V;SAAT.BBBB
SAATT;1;1;SAATT_FEMALE_5V;SAATT
SAATTBBBBB;0;1;SAATTBBBBB_MIXED_10V;SATBB ATBBB
SAATTT;1;1;SAATTT_FEMALE_6V;SAATTT
SAATTTBBBBBB;0;1;SAATTTBBBBBB_MIXED_12V;SATB.ATBB.TBBB
SAATTTTBBB;0;1;SAATTTTBBB_MIXED_10V;SATTB.ATTBB
SAATTTTTBB;0;1;SAATTTTTBB_MIXED_10V;AGNUS DEI II SATTB/ATTTB
SAATTTTTBBBB;0;1;SAATTTTTBBBB_MIXED_12V;SATT.ATTB.TBBB
SAATTTTTTBBB;0;1;SAATTTTTTBBB_MIXED_12V;SATT.ATTB.TTBB
SAATTTTTTTBB;0;1;SAATTTTTTTBB_MIXED_12V;SATT.ATTB.TTTB
SABB;1;1;SABB_MIXED_4V;SABB
SACC;0;1;SACC_FEMALE_4V;CT2 ARE SOPRANIST AND ALTO
SATTT;1;1;SATTT_FEMALE_5V;SATTT
SATTTT;1;1;SATTTT_FEMALE_6V;SATTTT
SATTTTB;1;1;SATTTTB_MIXED_7V;SATTTTB
SATTTTTB;0;1;SATTTTTB_MIXED_8V;SATT.TTTB
SBB;1;1;SBB_MIXED_3V;SBB
SBBB;1;1;SBBB_MIXED_4V;SBBB
SBBBB;1;1;SBBBB_MIXED_5V;SBBBB
SSAAA;1;1;SSAAA_FEMALE_5V;SSAAA
SSAAAAATTTBB;0;1;SSAAAAATTTBB_MIXED_12V;SAAT.SATB.AATB
SSAAAABB;1;1;SSAAAABB_MIXED_8V;SSAAAABB
SSAAAAT;1;1;SSAAAAT_FEMALE_7V;SSAAAAT
SSAAAATTTTBB;0;1;SSAAAATTTTBB_MIXED_12V;SAATTB.SAATTB
SSAAAB;1;1;SSAAAB_MIXED_6V;SSAAAB
SSAAABB;1;1;SSAAABB_MIXED_7V;SSAAABB
SSAAAT;1;1;SSAAAT_FEMALE_6V;SSAAAT
SSAAATB;1;1;SSAAATB_MIXED_7V;SSAAATB
SSAAATTBBBBBBB;0;1;SSAAATTBBBBBBB_MIXED_14V;ATBB.SSAAB.TBBBB
SSAAATTTBBBBB;0;1;SSAAATTTBBBBB_MIXED_13V;SSABAR.TBARBB.ATBARB.ATBARB
SSAAATTTTBBBBBBB;0;1;SSAAATTTTBBBBBBB_MIXED_16V;SSAT.ATBB.ATBB.TBBB
SSAAATTTTTTB;1;1;SSAAATTTTTTB_MIXED_12V;SSAAATTTTTTB
SSAAATTTTTTBBBBB;0;1;SSAAATTTTTTBBBBB_MIXED_16V;SATB.SATB.ATTB.TTBB
SSAAB;1;1;SSAAB_MIXED_5V;SSAAB
SSAABB;1;1;SSAABB_MIXED_6V;SSAABB
SSAAT;1;1;SSAAT_FEMALE_5V;SSAAT
SSAATTBC;0;1;SSAATTBC_MIXED_CT_8V;SSMZACTTBARB
SSAATTTBBBBB;0;1;SSAATTTBBBBB_MIXED_12V;SSTB.ATBB.ATBB
SSAATTTTTB;0;1;SSAATTTTTB_MIXED_10V;SATTB.SATTT
SSAATTTTTBB;1;1;SSAATTTTTBB_MIXED_11V;SSAATTTTTBB
SSAATTTTTBBB;0;1;SSAATTTTTBBB_MIXED_12V;SSAATT.TTTBBB
SSAATTTTTTBBB;0;1;SSAATTTTTTBBB_MIXED_13V;SATB.ATTB.STTTB
SSAATTTTTTTBBBB;0;1;SSAATTTTTTTBBBB_MIXED_15V;SATBAR.STTBAR.ATTB.TTBARB
SSAATTTTTTTBBBBB;0;1;SSAATTTTTTTBBBBB_MIXED_16V;SATB.STTB.ATTB.TTBB
SSATTBBBB;0;1;SSATTBBBB_MIXED_9V;ATBB.SSTBB
SSATTT;1;1;SSATTT_FEMALE_6V;SSATTT
SSATTTBBB;0;1;SSATTTBBB_MIXED_9V;SSATB.TTBARBB
SSATTTBBBB;0;1;SSATTTBBBB_MIXED_10V;SSATB.TTBBB
SSATTTTBB;1;1;SSATTTTBB_MIXED_9V;SSATTTTBB
SSATTTTBBBBBB;0;1;SSATTTTBBBBBB_MIXED_13V;STBARB.ATBARB.TBARBARB.STBARB
SSATTTTBBBBBBBBB;0;1;SSATTTTBBBBBBBBB_MIXED_16V;STBB.STBB.ATBB.TBBB
SSATTTTTBB;0;1;SSATTTTTBB_MIXED_10V;SATTB.STTTB
SSS;1;1;SSS_FEMALE_3V;SSS
SSSAAA;1;1;SSSAAA_FEMALE_6V;SSSAAA
SSSAAAAATTTTTTBBBB;0;1;SSSAAAAATTTTTTBBBB_MIXED_18V;SSATTB.SAATTB.AATTBB
SSSAAAATTTBBB;0;1;SSSAAAATTTBBB_MIXED_13V;SSAT.SATB.AATBB
SSSAAAATTTBBBB;0;1;SSSAAAATTTBBBB_MIXED_14V;SATB.SSAAT.ATBBB
SSSAAAATTTBBBBBB;0;1;SSSAAAATTTBBBBBB_MIXED_16V;SATB.ATBB.SATB.AB.SB
SSSAAAATTTTBB;0;1;SSSAAAATTTTBB_MIXED_13V;SAT.SATB.SAATTB
SSSAAAATTTTTBBBB;0;1;SSSAAAATTTTTBBBB_MIXED_16V;SATB.SATB.ATTB.SATB
SSSAAABB;0;1;SSSAAABB_MIXED_8V;SSAB.SAAB
SSSAAATB;0;1;SSSAAATB_MIXED_8V;SSAA.SATB
SSSAAATBBB;0;1;SSSAAATBBB_MIXED_10V;SSAAB.SATBB
SSSAAATTB;0;1;SSSAAATTB_MIXED_9V;SATTB SOME PARTS ARE SSAA
SSSAAATTT;1;1;SSSAAATTT_FEMALE_9V;SSSAAATTT
SSSAAATTTB;0;1;SSSAAATTTB_MIXED_10V;SATB.SSAATT
SSSAAATTTBBBB;0;1;SSSAAATTTBBBB_MIXED_13V;SSAATTBB.SATBB
SSSAAATTTBBBBB;0;1;SSSAAATTTBBBBB_MIXED_14V;SSABAR.SATB.ATBARB.TBARBB
SSSAAATTTBBBBBBB;0;1;SSSAAATTTBBBBBBB_MIXED_16V;SSAB.SATB.ATBB.TBBB
SSSAAATTTTBBBBBB;0;1;SSSAAATTTTBBBBBB_MIXED_16V;SSAT.SATB.ATBB.TBBB
SSSAAATTTTTTBBB;0;1;SSSAAATTTTTTBBB_MIXED_15V;SATTB.SATTB.SATTB
SSSAAATTTTTTBBBB;0;1;SSSAAATTTTTTBBBB_MIXED_16V;SSAT.SATB.ATTB.TTBB
SSSAAB;1;1;SSSAAB_MIXED_6V;SSSAAB
SSSAAT;1;1;SSSAAT_FEMALE_6V;SSSAAT
SSSAATTTBBBB;1;1;SSSAATTTBBBB_MIXED_12V;SSSAATTTBBBB
SSSAATTTTBB;0;1;SSSAATTTTBB_MIXED_11V;SATTB.SSATTB
SSSAATTTTBBBBB;0;1;SSSAATTTTBBBBB_MIXED_14V;STTB.SSAAT.TBBBB
SSSAATTTTTBBBBB;0;1;SSSAATTTTTBBBBB_MIXED_15V;SATTB.SATBB.STTBB
SSSAATTTTTTTTTTTBBB;1;1;SSSAATTTTTTTTTTTBBB_MIXED_19V;SSSAATTTTTTTTTTTBBB
SSSAB;1;1;SSSAB_MIXED_5V;SSSAB
SSSABB;1;1;SSSABB_MIXED_6V;SSSABB
SSSAT;1;1;SSSAT_FEMALE_5V;SSSAT
SSSATT;1;1;SSSATT_FEMALE_6V;SSSATT
SSSATTT;1;1;SSSATTT_FEMALE_7V;SSSATTT
SSSATTTTB;0;1;SSSATTTTB_MIXED_9V;SSAT.STTTB
SSSS;1;1;SSSS_FEMALE_4V;SSSS
SSSSAAAAATTTTBBB;0;1;SSSSAAAAATTTTBBB_MIXED_16V;SSAT.SATB.SATB.AATB
SSSSAAAAATTTTTTBBBBBB;0;1;SSSSAAAAATTTTTTBBBBBB_MIXED_21V;SSATTBAR.SSATBARB.AATBARBB.ATTBARBB
SSSSAAAAATTTTTTBBBBBBBBB;0;1;SSSSAAAAATTTTTTBBBBBBBBB_MIXED_24V;SSATTB.SSATBB.AATBBB.ATTBBB
SSSSAAAABB;0;1;SSSSAAAABB_MIXED_10V;SSAAB.SSAAB
SSSSAAAATBBB;0;1;SSSSAAAATBBB_MIXED_12V;SSAB.SAAB.SATB
SSSSAAAATTBB;1;1;SSSSAAAATTBB_MIXED_12V;SSSSAAAATTBB
SSSSAAAATTTB;0;1;SSSSAAAATTTB_MIXED_12V;S S AATTB A QUARTET FOR SSAT
SSSSAAAATTTTBBB;1;1;SSSSAAAATTTTBBB_MIXED_15V;SSSSAAAATTTTBBB
SSSSAAAATTTTTBBB;0;1;SSSSAAAATTTTTBBB_MIXED_16V;SSATTB.SATTB.SAATB
SSSSAAAATTTTTBBBB;0;1;SSSSAAAATTTTTBBBB_MIXED_17V;SATTB.SATB.SSAT.ATBB
SSSSAAATTTB;0;1;SSSSAAATTTB_MIXED_11V;SAT.SSAT.SATB
SSSSAAATTTTB;0;1;SSSSAAATTTTB_MIXED_12V;SAT.SATB.SSATT
SSSSAAATTTTBBB;0;1;SSSSAAATTTTBBB_MIXED_14V;SATB.SATB.SSATTB
SSSSAABB;0;1;SSSSAABB_MIXED_8V;SSAB.SSAB
SSSSAATTB;0;1;SSSSAATTB_MIXED_9V;SSAT.SSATB
SSSSAATTTTBB;0;1;SSSSAATTTTBB_MIXED_12V;SSATTB.SSATTB
SSSSAATTTTTBBB;0;1;SSSSAATTTTTBBB_MIXED_14V;SSATTB.SSATTTBB
SSSSAT;1;1;SSSSAT_FEMALE_6V;SSSSAT
SSSSATTTBB;0;1;SSSSATTTBB_MIXED_10V;SSATB.SSTTB
SSSSATTTBBB;0;1;SSSSATTTBBB_MIXED_11V;SSB.SSAT.TTBB
SSSSBBBB;0;1;SSSSBBBB_MIXED_8V;SSSS.BBBB
SSSSS;1;1;SSSSS_FEMALE_5V;SSSSS
SSSSSAAAATTTBBBB;0;1;SSSSSAAAATTTBBBB_MIXED_16V;SSAB.SATB.SATB.SATB
SSSSSAAAATTTTBBB;0;1;SSSSSAAAATTTTBBB_MIXED_16V;SSAT.SSAT.SATB.ATBB
SSSSSAAAATTTTBBBBB;0;1;SSSSSAAAATTTTBBBBB_MIXED_18V;SSATBB.SATB.SSAT.ATBB
SSSSSAAAATTTTTBBBB;0;1;SSSSSAAAATTTTTBBBB_MIXED_18V;SATB.SSAT.ATBB.SSATTB
SSSSSAATTBB;0;1;SSSSSAATTBB_MIXED_11V;SSS.SATB.SATB
SSSSSAATTTTBBBB;0;1;SSSSSAATTTTBBBB_MIXED_15V;SSST.SSATB.ATTBBB
SSSSSAATTTTBBBBB;0;1;SSSSSAATTTTBBBBB_MIXED_16V;SSST.SAAB.STTB.TBBB
SSSSSATTTBBB;1;1;SSSSSATTTBBB_MIXED_12V;SSSSSATTTBBB
SSSSSATTTTBBBBB;0;1;SSSSSATTTTBBBBB_MIXED_15V;SSATB.SSTTB.STBBB
SSSSSSAAA;0;1;SSSSSSAAA_FEMALE_9V;SSA.SSA.SSA
SSSSSSAAAAAAATTTTTBBBBBB;0;1;SSSSSSAAAAAAATTTTTBBBBBB_MIXED_24V;SSAATB.SSAATB.SAATBB.SATTBB
SSSSSSAAAAATTTTBBB;0;1;SSSSSSAAAAATTTTBBB_MIXED_18V;SSAT.SATBB OR SSAT.SAATB
SSSSSSAAAAATTTTTBBBBBBB;0;1;SSSSSSAAAAATTTTTBBBBBBB_MIXED_23V;SSSA.SAAB.TTTB.SSAATTBBBBB
SSSSSSAAAATTTTTBBBBB;0;1;SSSSSSAAAATTTTTBBBBB_MIXED_20V;SATB.SATB.SSSATB.SATTBB
SSSSSSAAAATTTTTTBBBB;0;1;SSSSSSAAAATTTTTTBBBB_MIXED_20V;SSAATTBB ALSO SSSSAA AND TTTTBB VERSIONS
SSSSSSAAATTTBBBBBB;0;1;SSSSSSAAATTTBBBBBB_MIXED_18V;SSATBB.SSATBB.SSATBB
SSSSSSAAATTTTTTTTTBBBBBB;0;1;SSSSSSAAATTTTTTTTTBBBBBB_MIXED_24V;SSATTTBB.SSATTTBB.SSATTTBB
SSSSSSSAAAATTTBBBB;0;1;SSSSSSSAAAATTTBBBB_MIXED_18V;SSAB.SSATB OR SSAT.SATBB
SSSSSSSAAATB;0;1;SSSSSSSAAATB_MIXED_12V;SSSA.SSAT.SSAB
SSSSSSSATTTT;0;1;SSSSSSSATTTT_FEMALE_12V;SSST.SSST.SATT
SSSSSSSSAAAAAAAATTTTTTTTBBBBBBBBBBBBBBBB;0;1;SSSSSSSSAAAAAAAATTTTTTTTBBBBBBBBBBBBBBBB_MIXED_40V;SATBB.SATBB.SATBB.SATBB.SATBB.SATBB.SATBB.SATBB
SSSSSSSSAAAATTTTBBBB;0;1;SSSSSSSSAAAATTTTBBBB_MIXED_20V;SSATB.SSATB.SSATB.SSATB
SSSSSSSSSAAAAAAAAATTTTTTTTTBBBBBBBBB;0;1;SSSSSSSSSAAAAAAAAATTTTTTTTTBBBBBBBBB_MIXED_36V;SATB.SATB.SATB.SATB.SATB.SATB.SATB.SATB.SATB
SSSSSSSSSSAAAAAAAAAATTTTTTTTTTBBBBBBBBBB;0;1;SSSSSSSSSSAAAAAAAAAATTTTTTTTTTBBBBBBBBBB_MIXED_40V;SATB.SATB.SATB.SATB.SATB.SATB.SATB.SATB.SATB.SATB
SSSST;1;1;SSSST_FEMALE_5V;SSSST
SSSSTBB;0;1;SSSSTBB_MIXED_7V;SS.SSTBB
SSSSTT;0;1;SSSSTT_FEMALE_6V;SST.SST
SSSSTTTT;1;1;SSSSTTTT_FEMALE_8V;SSSSTTTT
SSSSTTTTTTTTBBBB;0;1;SSSSTTTTTTTTBBBB_MIXED_16V;STTB.STTB.STTB.STTB
SSST;1;1;SSST_FEMALE_4V;SSST
SSSTB;1;1;SSSTB_MIXED_5V;SSSTB
SSSTT;1;1;SSSTT_FEMALE_5V;SSSTT
SSSTTB;1;1;SSSTTB_MIXED_6V;SSSTTB
SSTBB;1;1;SSTBB_MIXED_5V;SSTBB
SSTTBBB;1;1;SSTTBBB_MIXED_7V;SSTTBBB
SSTTT;1;1;SSTTT_FEMALE_5V;SSTTT
SSTTTB;1;1;SSTTTB_MIXED_6V;SSTTTB
SSTTTBB;1;1;SSTTTBB_MIXED_7V;SSTTTBB
SSTTTBCC;0;1;SSTTTBCC_MIXED_CT_8V;SSCTCTTB
SSTTTTB;1;1;SSTTTTB_MIXED_7V;SSTTTTB
SSTTTTTB;0;1;SSTTTTTB_MIXED_8V;SSTT.TTTB
SSTTTTTBB;0;1;SSTTTTTBB_MIXED_9V;STTB.STTTB
SSTTTTTTBB;0;1;SSTTTTTTBB_MIXED_10V;STTTB.STTTB
STBB;1;1;STBB_MIXED_4V;STBB
STBC;0;1;STBC_MIXED_CT_4V;SOLO SCTB
STT;1;1;STT_FEMALE_3V;STT
STTBB;1;1;STTBB_MIXED_5V;STTBB
STTBBB;1;1;STTBBB_MIXED_6V;STTBBB
STTBC;0;1;STTBC_MIXED_CT_5V;SCTTB
STTT;1;1;STTT_FEMALE_4V;STTT
STTTBB;1;1;STTTBB_MIXED_6V;STTTBB
STTTTB;1;1;STTTTB_MIXED_6V;STTTTB
STTTTBB;1;1;STTTTBB_MIXED_7V;STTTTBB
STTTTTBB;0;1;STTTTTBB_MIXED_8V;STTB.TTTB
STTTTTTBBBBB;0;1;STTTTTTBBBBB_MIXED_12V;STTB.TTTB.TBBB
TTBBC;0;1;TTBBC_MALE_CT_5V;CTTBB
TTCC;0;1;TTCC_COUNTERTENOR_4V;SOLO CTCT
TTT;1;1;TTT_TENOR_3V;TTT
TTTBBB;1;1;TTTBBB_MALE_6V;TTTBBB
TTTBBBB;1;1;TTTBBBB_MALE_7V;TTTBBBB
TTTBBBBBBBBB;0;1;TTTBBBBBBBBB_MALE_12V;TBBB.TBBB.TBBB
TTTBBBCC;0;1;TTTBBBCC_MALE_CT_8V;CTCTTBARBARB
TTTT;1;1;TTTT_TENOR_4V;TTTT
TTTTB;1;1;TTTTB_MALE_5V;TTTTB
TTTTBBB;0;1;TTTTBBB_MALE_7V;TTB AND TTBB
TTTTT;1;1;TTTTT_TENOR_5V;TTTTT
